Country Name,Country Code,Series Name,Series Code,2005 [YR2005],2010 [YR2010],2015 [YR2015]
Afghanistan,AFG,People using at least basic drinking water services (% of population),SH.H2O.BASW.ZS,37.2759070938167,50.0461907327433,62.9802080804115
Afghanistan,AFG,People using safely managed drinking water services (% of population),SH.H2O.SMDW.ZS,..,..,..
Albania,ALB,People using at least basic drinking water services (% of population),SH.H2O.BASW.ZS,87.9028778986161,88.0894923254456,91.3943331635801
Albania,ALB,People using safely managed drinking water services (% of population),SH.H2O.SMDW.ZS,52.5171820870923,61.6638286105354,68.869979425596
Algeria,DZA,People using at least basic drinking water services (% of population),SH.H2O.BASW.ZS,91.1752584144257,92.3883299265188,93.4664265273344
Algeria,DZA,People using safely managed drinking water services (% of population),SH.H2O.SMDW.ZS,..,..,..
American Samoa,ASM,People using at least basic drinking water services (% of population),SH.H2O.BASW.ZS,98.80485,99.1097,99.23164
American Samoa,ASM,People using safely managed drinking water services (% of population),SH.H2O.SMDW.ZS,..,..,..
Andorra,AND,People using at least basic drinking water services (% of population),SH.H2O.BASW.ZS,100,100,100
Andorra,AND,People using safely managed drinking water services (% of population),SH.H2O.SMDW.ZS,..,..,..
Angola,AGO,People using at least basic drinking water services (% of population),SH.H2O.BASW.ZS,39.0167749441363,40.0576898334985,41.0058676167972
Angola,AGO,People using safely managed drinking water services (% of population),SH.H2O.SMDW.ZS,..,..,..
Antigua and Barbuda,ATG,People using at least basic drinking water services (% of population),SH.H2O.BASW.ZS,97.6712348276835,97.0887044830506,96.7391862762709
Antigua and Barbuda,ATG,People using safely managed drinking water services (% of population),SH.H2O.SMDW.ZS,..,..,..
Arab World,ARB,People using at least basic drinking water services (% of population),SH.H2O.BASW.ZS,80.8838796484045,84.3236381906193,86.9535985987162
Arab World,ARB,People using safely managed drinking water services (% of population),SH.H2O.SMDW.ZS,..,..,..
Argentina,ARG,People using at least basic drinking water services (% of population),SH.H2O.BASW.ZS,99.2443541672158,99.4409053756782,99.6273001896653
Argentina,ARG,People using safely managed drinking water services (% of population),SH.H2O.SMDW.ZS,97.9967305456147,98.3430777803307,98.5274147955714
Armenia,ARM,People using at least basic drinking water services (% of population),SH.H2O.BASW.ZS,96.7458371995,97.6376546990975,98.9236524346622
Armenia,ARM,People using safely managed drinking water services (% of population),SH.H2O.SMDW.ZS,43.8895823697293,57.8253501638437,60.5814461944262
Aruba,ABW,People using at least basic drinking water services (% of population),SH.H2O.BASW.ZS,95.8972301161238,97.3056538767395,97.8690233809859
Aruba,ABW,People using safely managed drinking water services (% of population),SH.H2O.SMDW.ZS,..,..,..
Australia,AUS,People using at least basic drinking water services (% of population),SH.H2O.BASW.ZS,99.7974,99.89190265,99.96870195
Australia,AUS,People using safely managed drinking water services (% of population),SH.H2O.SMDW.ZS,..,..,..
Austria,AUT,People using at least basic drinking water services (% of population),SH.H2O.BASW.ZS,100,100,100
Austria,AUT,People using safely managed drinking water services (% of population),SH.H2O.SMDW.ZS,98.1167403065825,98.4033273219116,98.6899143372408
Azerbaijan,AZE,People using at least basic drinking water services (% of population),SH.H2O.BASW.ZS,79.1437533397933,81.7759709346621,84.3778721395599
Azerbaijan,AZE,People using safely managed drinking water services (% of population),SH.H2O.SMDW.ZS,56.8083417793603,67.8523413150255,71.517164010822
"Bahamas, The",BHS,People using at least basic drinking water services (% of population),SH.H2O.BASW.ZS,98.1370113104747,97.890395897627,97.7917497324879
"Bahamas, The",BHS,People using safely managed drinking water services (% of population),SH.H2O.SMDW.ZS,..,..,..
Bahrain,BHR,People using at least basic drinking water services (% of population),SH.H2O.BASW.ZS,99.9484114146144,99.9988785090134,100
Bahrain,BHR,People using safely managed drinking water services (% of population),SH.H2O.SMDW.ZS,98.6890614307903,98.7388926397998,98.74
Bangladesh,BGD,People using at least basic drinking water services (% of population),SH.H2O.BASW.ZS,95.6032887548835,96.5023319394373,97.3271424809628
Bangladesh,BGD,People using safely managed drinking water services (% of population),SH.H2O.SMDW.ZS,55.8934795250347,55.8214509769773,55.6732467087545
Barbados,BRB,People using at least basic drinking water services (% of population),SH.H2O.BASW.ZS,98.3963565727273,98.2490294931818,98.1311678295455
Barbados,BRB,People using safely managed drinking water services (% of population),SH.H2O.SMDW.ZS,..,..,..
Belarus,BLR,People using at least basic drinking water services (% of population),SH.H2O.BASW.ZS,97.9061587837481,97.9530877230252,98.0055556034675
Belarus,BLR,People using safely managed drinking water services (% of population),SH.H2O.SMDW.ZS,82.024893075901,89.2119365160737,94.4286688569901
Belgium,BEL,People using at least basic drinking water services (% of population),SH.H2O.BASW.ZS,100,100,100
Belgium,BEL,People using safely managed drinking water services (% of population),SH.H2O.SMDW.ZS,99.4166666666667,98.8333333333333,98.3666666666667
Belize,BLZ,People using at least basic drinking water services (% of population),SH.H2O.BASW.ZS,90.7310146688394,93.9186807920451,97.1288036440121
Belize,BLZ,People using safely managed drinking water services (% of population),SH.H2O.SMDW.ZS,..,..,..
Benin,BEN,People using at least basic drinking water services (% of population),SH.H2O.BASW.ZS,62.435203424845,64.7590035000281,67.0172867018849
Benin,BEN,People using safely managed drinking water services (% of population),SH.H2O.SMDW.ZS,..,..,..
Bermuda,BMU,People using at least basic drinking water services (% of population),SH.H2O.BASW.ZS,99.9562250350488,99.9183071650594,99.9031400170636
Bermuda,BMU,People using safely managed drinking water services (% of population),SH.H2O.SMDW.ZS,..,..,..
Bhutan,BTN,People using at least basic drinking water services (% of population),SH.H2O.BASW.ZS,87.7818653418424,93.6171529882966,97.5586608517347
Bhutan,BTN,People using safely managed drinking water services (% of population),SH.H2O.SMDW.ZS,30.0673522036099,32.3754401959006,34.1548043850168
Bolivia,BOL,People using at least basic drinking water services (% of population),SH.H2O.BASW.ZS,83.8745179837807,88.5552228681676,92.8816263578936
Bolivia,BOL,People using safely managed drinking water services (% of population),SH.H2O.SMDW.ZS,..,..,..
Bosnia and Herzegovina,BIH,People using at least basic drinking water services (% of population),SH.H2O.BASW.ZS,96.7164056455155,97.2805522208584,97.6601861252389
Bosnia and Herzegovina,BIH,People using safely managed drinking water services (% of population),SH.H2O.SMDW.ZS,87.7123399819949,88.2184513886314,88.575493099588
Botswana,BWA,People using at least basic drinking water services (% of population),SH.H2O.BASW.ZS,77.8462713751684,78.560626273259,79.1739852456857
Botswana,BWA,People using safely managed drinking water services (% of population),SH.H2O.SMDW.ZS,..,..,..
Brazil,BRA,People using at least basic drinking water services (% of population),SH.H2O.BASW.ZS,95.0570181678085,96.2580782543772,97.4979425710048
Brazil,BRA,People using safely managed drinking water services (% of population),SH.H2O.SMDW.ZS,..,..,..
British Virgin Islands,VGB,People using at least basic drinking water services (% of population),SH.H2O.BASW.ZS,97.2034246575344,99.1041095890412,99.8643835616439
British Virgin Islands,VGB,People using safely managed drinking water services (% of population),SH.H2O.SMDW.ZS,..,..,..
Brunei Darussalam,BRN,People using at least basic drinking water services (% of population),SH.H2O.BASW.ZS,..,99.50306,99.513212
Brunei Darussalam,BRN,People using safely managed drinking water services (% of population),SH.H2O.SMDW.ZS,..,..,..
Bulgaria,BGR,People using at least basic drinking water services (% of population),SH.H2O.BASW.ZS,99.6627708904527,99.4327692746251,99.2556350774102
Bulgaria,BGR,People using safely managed drinking water services (% of population),SH.H2O.SMDW.ZS,97.1323687134955,96.9082067565916,96.5516131546263
Burkina Faso,BFA,People using at least basic drinking water services (% of population),SH.H2O.BASW.ZS,48.7980090719148,51.2903639759554,53.85759551611
Burkina Faso,BFA,People using safely managed drinking water services (% of population),SH.H2O.SMDW.ZS,..,..,..
Burundi,BDI,People using at least basic drinking water services (% of population),SH.H2O.BASW.ZS,53.5763495174029,54.7896359589192,55.9341198142855
Burundi,BDI,People using safely managed drinking water services (% of population),SH.H2O.SMDW.ZS,..,..,..
Cabo Verde,CPV,People using at least basic drinking water services (% of population),SH.H2O.BASW.ZS,79.8929500811443,83.5067962654317,86.4593527322802
Cabo Verde,CPV,People using safely managed drinking water services (% of population),SH.H2O.SMDW.ZS,..,..,..
Cambodia,KHM,People using at least basic drinking water services (% of population),SH.H2O.BASW.ZS,59.8980001120225,67.401310380331,74.9707956520782
Cambodia,KHM,People using safely managed drinking water services (% of population),SH.H2O.SMDW.ZS,19.2003178818716,21.5804366929379,24.0987927544098
Cameroon,CMR,People using at least basic drinking water services (% of population),SH.H2O.BASW.ZS,58.7392367924678,62.0757945193602,65.2799662849759
Cameroon,CMR,People using safely managed drinking water services (% of population),SH.H2O.SMDW.ZS,..,..,..
Canada,CAN,People using at least basic drinking water services (% of population),SH.H2O.BASW.ZS,99.9,99.4,98.9
Canada,CAN,People using safely managed drinking water services (% of population),SH.H2O.SMDW.ZS,..,..,..
Caribbean small states,CSS,People using at least basic drinking water services (% of population),SH.H2O.BASW.ZS,92.6988314245563,94.1335881593339,95.0202462082857
Caribbean small states,CSS,People using safely managed drinking water services (% of population),SH.H2O.SMDW.ZS,..,..,..
Cayman Islands,CYM,People using at least basic drinking water services (% of population),SH.H2O.BASW.ZS,96.125,96.125,96.125
Cayman Islands,CYM,People using safely managed drinking water services (% of population),SH.H2O.SMDW.ZS,..,..,..
Central African Republic,CAF,People using at least basic drinking water services (% of population),SH.H2O.BASW.ZS,52.7604395974352,53.5357884472993,54.1438602913517
Central African Republic,CAF,People using safely managed drinking water services (% of population),SH.H2O.SMDW.ZS,..,..,..
Central Europe and the Baltics,CEB,People using at least basic drinking water services (% of population),SH.H2O.BASW.ZS,98.7674555131094,98.8520441944149,98.9156443882888
Central Europe and the Baltics,CEB,People using safely managed drinking water services (% of population),SH.H2O.SMDW.ZS,90.1691615914942,91.0947177213514,91.5708297952143
Chad,TCD,People using at least basic drinking water services (% of population),SH.H2O.BASW.ZS,40.1233948993816,41.2568256346417,42.5376044742954
Chad,TCD,People using safely managed drinking water services (% of population),SH.H2O.SMDW.ZS,..,..,..
Channel Islands,CHI,People using at least basic drinking water services (% of population),SH.H2O.BASW.ZS,..,94.15,94.15
Channel Islands,CHI,People using safely managed drinking water services (% of population),SH.H2O.SMDW.ZS,..,91.975,91.975
Chile,CHL,People using at least basic drinking water services (% of population),SH.H2O.BASW.ZS,97.2872886236234,99.0231524339075,100
Chile,CHL,People using safely managed drinking water services (% of population),SH.H2O.SMDW.ZS,94.5841319248848,97.2015533872266,98.1540973070538
China,CHN,People using at least basic drinking water services (% of population),SH.H2O.BASW.ZS,84.2985434215533,90.8496546254343,95.8180286239851
China,CHN,People using safely managed drinking water services (% of population),SH.H2O.SMDW.ZS,..,..,..
Colombia,COL,People using at least basic drinking water services (% of population),SH.H2O.BASW.ZS,92.3905641927468,94.5915792213975,96.5220296857553
Colombia,COL,People using safely managed drinking water services (% of population),SH.H2O.SMDW.ZS,69.2413932203866,70.3686684359798,71.1226222625859
Comoros,COM,People using at least basic drinking water services (% of population),SH.H2O.BASW.ZS,85.415740357336,84.4368258277149,83.7011875895908
Comoros,COM,People using safely managed drinking water services (% of population),SH.H2O.SMDW.ZS,..,..,..
"Congo, Dem. Rep.",COD,People using at least basic drinking water services (% of population),SH.H2O.BASW.ZS,36.8520593553105,39.342637993612,41.8379936166031
"Congo, Dem. Rep.",COD,People using safely managed drinking water services (% of population),SH.H2O.SMDW.ZS,..,..,..
"Congo, Rep.",COG,People using at least basic drinking water services (% of population),SH.H2O.BASW.ZS,59.7465292390349,64.2211994760015,68.3404568683904
"Congo, Rep.",COG,People using safely managed drinking water services (% of population),SH.H2O.SMDW.ZS,31.6018823757301,34.5278871356306,37.0016140327827
Costa Rica,CRI,People using at least basic drinking water services (% of population),SH.H2O.BASW.ZS,96.408372276033,98.3732423015119,99.6978166775
Costa Rica,CRI,People using safely managed drinking water services (% of population),SH.H2O.SMDW.ZS,78.7148876928109,86.758591926402,89.80124
Cote d'Ivoire,CIV,People using at least basic drinking water services (% of population),SH.H2O.BASW.ZS,72.1254505234304,72.5823580368371,73.0574155684606
Cote d'Ivoire,CIV,People using safely managed drinking water services (% of population),SH.H2O.SMDW.ZS,39.744149115193,42.9573912714351,45.8016327562419
Croatia,HRV,People using at least basic drinking water services (% of population),SH.H2O.BASW.ZS,98.8904975555555,99.2889934444444,99.5859008888889
Croatia,HRV,People using safely managed drinking water services (% of population),SH.H2O.SMDW.ZS,91.6958728495324,92.6398862605008,90.4517514548998
Cuba,CUB,People using at least basic drinking water services (% of population),SH.H2O.BASW.ZS,93.8132556604411,94.5085123451703,95.1755060166156
Cuba,CUB,People using safely managed drinking water services (% of population),SH.H2O.SMDW.ZS,..,..,..
Curacao,CUW,People using at least basic drinking water services (% of population),SH.H2O.BASW.ZS,..,99.3727452154089,99.3727452154089
Curacao,CUW,People using safely managed drinking water services (% of population),SH.H2O.SMDW.ZS,..,..,..
Cyprus,CYP,People using at least basic drinking water services (% of population),SH.H2O.BASW.ZS,100,100,100
Cyprus,CYP,People using safely managed drinking water services (% of population),SH.H2O.SMDW.ZS,96.473275862069,98.0379310344828,99.6025862068966
Czech Republic,CZE,People using at least basic drinking water services (% of population),SH.H2O.BASW.ZS,99.8282001096705,99.8565977380232,99.8796801882532
Czech Republic,CZE,People using safely managed drinking water services (% of population),SH.H2O.SMDW.ZS,96.7916665004108,97.3921282761952,97.5801480117469
Denmark,DNK,People using at least basic drinking water services (% of population),SH.H2O.BASW.ZS,100,100,100
Denmark,DNK,People using safely managed drinking water services (% of population),SH.H2O.SMDW.ZS,94.4561494252875,96.0130459770116,96.735564
Djibouti,DJI,People using at least basic drinking water services (% of population),SH.H2O.BASW.ZS,75.5723506841863,76.2989713030894,76.9224836211744
Djibouti,DJI,People using safely managed drinking water services (% of population),SH.H2O.SMDW.ZS,..,..,..
Dominica,DMA,People using at least basic drinking water services (% of population),SH.H2O.BASW.ZS,94.85,96.225,96.5
Dominica,DMA,People using safely managed drinking water services (% of population),SH.H2O.SMDW.ZS,..,..,..
Dominican Republic,DOM,People using at least basic drinking water services (% of population),SH.H2O.BASW.ZS,92.3497162658955,93.5281091367248,94.4770735981847
Dominican Republic,DOM,People using safely managed drinking water services (% of population),SH.H2O.SMDW.ZS,..,..,..
Early-demographic dividend,EAR,People using at least basic drinking water services (% of population),SH.H2O.BASW.ZS,83.103169463719,85.4733006248224,87.6198812156771
Early-demographic dividend,EAR,People using safely managed drinking water services (% of population),SH.H2O.SMDW.ZS,..,..,..
East Asia & Pacific,EAS,People using at least basic drinking water services (% of population),SH.H2O.BASW.ZS,85.031109887253,90.0402520398227,94.0294023926671
East Asia & Pacific,EAS,People using safely managed drinking water services (% of population),SH.H2O.SMDW.ZS,..,..,..
East Asia & Pacific (excluding high income),EAP,People using at least basic drinking water services (% of population),SH.H2O.BASW.ZS,83.4937805410301,89.0476609670777,93.4580190889193
East Asia & Pacific (excluding high income),EAP,People using safely managed drinking water services (% of population),SH.H2O.SMDW.ZS,..,..,..
East Asia & Pacific (IDA & IBRD countries),TEA,People using at least basic drinking water services (% of population),SH.H2O.BASW.ZS,83.2849822666865,88.9133417711773,93.3807648496129
East Asia & Pacific (IDA & IBRD countries),TEA,People using safely managed drinking water services (% of population),SH.H2O.SMDW.ZS,..,..,..
Ecuador,ECU,People using at least basic drinking water services (% of population),SH.H2O.BASW.ZS,86.3187911829352,89.46324875825,92.609932220147
Ecuador,ECU,People using safely managed drinking water services (% of population),SH.H2O.SMDW.ZS,69.0882481316698,71.7149050645909,74.360781870586
"Egypt, Arab Rep.",EGY,People using at least basic drinking water services (% of population),SH.H2O.BASW.ZS,98.2783269446388,98.3168775678704,98.3574991600019
"Egypt, Arab Rep.",EGY,People using safely managed drinking water services (% of population),SH.H2O.SMDW.ZS,..,..,..
El Salvador,SLV,People using at least basic drinking water services (% of population),SH.H2O.BASW.ZS,84.451599372579,89.0864669935351,93.0130709637454
El Salvador,SLV,People using safely managed drinking water services (% of population),SH.H2O.SMDW.ZS,..,..,..
Equatorial Guinea,GNQ,People using at least basic drinking water services (% of population),SH.H2O.BASW.ZS,48.9801158635531,49.197735242551,49.5900848781192
Equatorial Guinea,GNQ,People using safely managed drinking water services (% of population),SH.H2O.SMDW.ZS,..,..,..
Eritrea,ERI,People using at least basic drinking water services (% of population),SH.H2O.BASW.ZS,17.3776947200625,18.139966368,19.290330471875
Eritrea,ERI,People using safely managed drinking water services (% of population),SH.H2O.SMDW.ZS,..,..,..
Estonia,EST,People using at least basic drinking water services (% of population),SH.H2O.BASW.ZS,99.3006080819304,99.472284093737,99.6145048645163
Estonia,EST,People using safely managed drinking water services (% of population),SH.H2O.SMDW.ZS,94.3516978541158,89.0605828479151,81.6905798272931
Eswatini,SWZ,People using at least basic drinking water services (% of population),SH.H2O.BASW.ZS,57.2009962515437,62.3315903987914,67.6260887692688
Eswatini,SWZ,People using safely managed drinking water services (% of population),SH.H2O.SMDW.ZS,..,..,..
Ethiopia,ETH,People using at least basic drinking water services (% of population),SH.H2O.BASW.ZS,24.0156326146096,31.536170618882,39.1242615806378
Ethiopia,ETH,People using safely managed drinking water services (% of population),SH.H2O.SMDW.ZS,6.07931861178964,7.92487177501881,10.5354226672548
Euro area,EMU,People using at least basic drinking water services (% of population),SH.H2O.BASW.ZS,99.783451557055,99.8628134233212,99.9062153778167
Euro area,EMU,People using safely managed drinking water services (% of population),SH.H2O.SMDW.ZS,95.3907747087821,96.1134107646567,96.4101702635113
Europe & Central Asia,ECS,People using at least basic drinking water services (% of population),SH.H2O.BASW.ZS,97.1658056345374,97.5519512141184,98.0985814148114
Europe & Central Asia,ECS,People using safely managed drinking water services (% of population),SH.H2O.SMDW.ZS,87.62,88.94,90.78
Europe & Central Asia (excluding high income),ECA,People using at least basic drinking water services (% of population),SH.H2O.BASW.ZS,94.0896189440953,94.8639306714235,95.9073732226018
Europe & Central Asia (excluding high income),ECA,People using safely managed drinking water services (% of population),SH.H2O.SMDW.ZS,72.3072307866091,75.2258016323749,79.4925287928139
Europe & Central Asia (IDA & IBRD countries),TEC,People using at least basic drinking water services (% of population),SH.H2O.BASW.ZS,94.4751981114233,95.1701531875467,96.1234135432218
Europe & Central Asia (IDA & IBRD countries),TEC,People using safely managed drinking water services (% of population),SH.H2O.SMDW.ZS,74.9036948373169,77.464194879118,81.3226040640254
European Union,EUU,People using at least basic drinking water services (% of population),SH.H2O.BASW.ZS,99.6770739272673,99.732225684075,99.7632349310963
European Union,EUU,People using safely managed drinking water services (% of population),SH.H2O.SMDW.ZS,94.6172972333829,95.2572513289145,95.5122999707514
Faroe Islands,FRO,People using at least basic drinking water services (% of population),SH.H2O.BASW.ZS,100,100,100
Faroe Islands,FRO,People using safely managed drinking water services (% of population),SH.H2O.SMDW.ZS,..,..,..
Fiji,FJI,People using at least basic drinking water services (% of population),SH.H2O.BASW.ZS,94.4413764379694,94.0733098029441,93.7124471242058
Fiji,FJI,People using safely managed drinking water services (% of population),SH.H2O.SMDW.ZS,..,..,..
Finland,FIN,People using at least basic drinking water services (% of population),SH.H2O.BASW.ZS,100,100,100
Finland,FIN,People using safely managed drinking water services (% of population),SH.H2O.SMDW.ZS,95.3325846776743,98.0723914285714,96.8509991428571
Fragile and conflict affected situations,FCS,People using at least basic drinking water services (% of population),SH.H2O.BASW.ZS,53.5587713328608,58.4705407944601,62.170177789128
Fragile and conflict affected situations,FCS,People using safely managed drinking water services (% of population),SH.H2O.SMDW.ZS,..,..,..
France,FRA,People using at least basic drinking water services (% of population),SH.H2O.BASW.ZS,99.9417854545454,99.9842509090909,100
France,FRA,People using safely managed drinking water services (% of population),SH.H2O.SMDW.ZS,93.2712088636364,93.3043377272727,93.31264
French Polynesia,PYF,People using at least basic drinking water services (% of population),SH.H2O.BASW.ZS,100,100,100
French Polynesia,PYF,People using safely managed drinking water services (% of population),SH.H2O.SMDW.ZS,..,..,..
Gabon,GAB,People using at least basic drinking water services (% of population),SH.H2O.BASW.ZS,82.4502838797894,85.2908442855442,87.5409219903643
Gabon,GAB,People using safely managed drinking water services (% of population),SH.H2O.SMDW.ZS,..,..,..
"Gambia, The",GMB,People using at least basic drinking water services (% of population),SH.H2O.BASW.ZS,76.0094030236202,78.0874397127558,80.0585980182389
"Gambia, The",GMB,People using safely managed drinking water services (% of population),SH.H2O.SMDW.ZS,..,..,..
Georgia,GEO,People using at least basic drinking water services (% of population),SH.H2O.BASW.ZS,90.0617242168667,91.6523045291208,93.2635269362499
Georgia,GEO,People using safely managed drinking water services (% of population),SH.H2O.SMDW.ZS,75.9915519103056,73.598539552667,72.9704824273645
Germany,DEU,People using at least basic drinking water services (% of population),SH.H2O.BASW.ZS,100,100,100
Germany,DEU,People using safely managed drinking water services (% of population),SH.H2O.SMDW.ZS,99.35,99.35,99.2154214
Ghana,GHA,People using at least basic drinking water services (% of population),SH.H2O.BASW.ZS,69.0206604594312,73.5083998950932,77.7993023643858
Ghana,GHA,People using safely managed drinking water services (% of population),SH.H2O.SMDW.ZS,18.9514374879345,22.7717307847052,26.8649162825756
Gibraltar,GIB,People using at least basic drinking water services (% of population),SH.H2O.BASW.ZS,99.6182703698829,99.6182703698829,99.6182703698829
Gibraltar,GIB,People using safely managed drinking water services (% of population),SH.H2O.SMDW.ZS,99.052257470054,99.052257470054,99.052257470054
Greece,GRC,People using at least basic drinking water services (% of population),SH.H2O.BASW.ZS,99.6586719374139,99.9081286095243,100
Greece,GRC,People using safely managed drinking water services (% of population),SH.H2O.SMDW.ZS,98.7451429603911,98.899104427582,98.8957731329526
Greenland,GRL,People using at least basic drinking water services (% of population),SH.H2O.BASW.ZS,100,100,100
Greenland,GRL,People using safely managed drinking water services (% of population),SH.H2O.SMDW.ZS,94.4561494252874,96.0130459770116,96.749204
Grenada,GRD,People using at least basic drinking water services (% of population),SH.H2O.BASW.ZS,94.4692126571641,95.6307875050065,95.6286504435547
Grenada,GRD,People using safely managed drinking water services (% of population),SH.H2O.SMDW.ZS,..,..,..
Guam,GUM,People using at least basic drinking water services (% of population),SH.H2O.BASW.ZS,99.523,99.646,99.6952
Guam,GUM,People using safely managed drinking water services (% of population),SH.H2O.SMDW.ZS,..,..,..
Guatemala,GTM,People using at least basic drinking water services (% of population),SH.H2O.BASW.ZS,88.2876206005045,91.0012022229409,93.5976974703343
Guatemala,GTM,People using safely managed drinking water services (% of population),SH.H2O.SMDW.ZS,53.6446507195252,57.1957409647305,60.8189673207422
Guinea,GIN,People using at least basic drinking water services (% of population),SH.H2O.BASW.ZS,58.7325164553333,63.0261674048291,67.3725473160771
Guinea,GIN,People using safely managed drinking water services (% of population),SH.H2O.SMDW.ZS,..,..,..
Guinea-Bissau,GNB,People using at least basic drinking water services (% of population),SH.H2O.BASW.ZS,58.2952160151468,63.8052235693397,69.1966086274814
Guinea-Bissau,GNB,People using safely managed drinking water services (% of population),SH.H2O.SMDW.ZS,..,..,..
Guyana,GUY,People using at least basic drinking water services (% of population),SH.H2O.BASW.ZS,90.3990916164478,92.5549850146941,95.0713229920073
Guyana,GUY,People using safely managed drinking water services (% of population),SH.H2O.SMDW.ZS,..,..,..
Haiti,HTI,People using at least basic drinking water services (% of population),SH.H2O.BASW.ZS,59.488008302127,62.1081730259302,64.1743189771298
Haiti,HTI,People using safely managed drinking water services (% of population),SH.H2O.SMDW.ZS,..,..,..
Heavily indebted poor countries (HIPC),HPC,People using at least basic drinking water services (% of population),SH.H2O.BASW.ZS,45.0863270375765,49.9747024284105,54.8344578914385
Heavily indebted poor countries (HIPC),HPC,People using safely managed drinking water services (% of population),SH.H2O.SMDW.ZS,..,..,..
High income,HIC,People using at least basic drinking water services (% of population),SH.H2O.BASW.ZS,99.1720722096901,99.329383721849,99.4431495009468
High income,HIC,People using safely managed drinking water services (% of population),SH.H2O.SMDW.ZS,96.67,97.26,97.53
Honduras,HND,People using at least basic drinking water services (% of population),SH.H2O.BASW.ZS,85.7257165948622,89.0668133738441,92.1787210188606
Honduras,HND,People using safely managed drinking water services (% of population),SH.H2O.SMDW.ZS,..,..,..
"Hong Kong SAR, China",HKG,People using at least basic drinking water services (% of population),SH.H2O.BASW.ZS,99.1632142857143,99.6551785714286,100
"Hong Kong SAR, China",HKG,People using safely managed drinking water services (% of population),SH.H2O.SMDW.ZS,98.7431586311362,99.4789309193299,100
Hungary,HUN,People using at least basic drinking water services (% of population),SH.H2O.BASW.ZS,99.9663621291521,99.9688775437968,99.9712522740424
Hungary,HUN,People using safely managed drinking water services (% of population),SH.H2O.SMDW.ZS,57.1746465450318,69.3579615187765,81.5417747831721
IBRD only,IBD,People using at least basic drinking water services (% of population),SH.H2O.BASW.ZS,86.2125135492044,89.6573800146255,92.5264369752321
IBRD only,IBD,People using safely managed drinking water services (% of population),SH.H2O.SMDW.ZS,..,..,..
Iceland,ISL,People using at least basic drinking water services (% of population),SH.H2O.BASW.ZS,100,100,100
Iceland,ISL,People using safely managed drinking water services (% of population),SH.H2O.SMDW.ZS,92.6600000000001,95.7827272727272,98.2809090909091
IDA & IBRD total,IBT,People using at least basic drinking water services (% of population),SH.H2O.BASW.ZS,80.7308918273686,83.893914284952,86.469451149589
IDA & IBRD total,IBT,People using safely managed drinking water services (% of population),SH.H2O.SMDW.ZS,..,..,..
IDA blend,IDB,People using at least basic drinking water services (% of population),SH.H2O.BASW.ZS,70.3958931636518,73.2694276827408,74.8542425500103
IDA blend,IDB,People using safely managed drinking water services (% of population),SH.H2O.SMDW.ZS,30.932248459963,30.7089473977723,28.407904868972
IDA only,IDX,People using at least basic drinking water services (% of population),SH.H2O.BASW.ZS,57.3004839366177,60.9842769378298,64.2906874756861
IDA only,IDX,People using safely managed drinking water services (% of population),SH.H2O.SMDW.ZS,..,..,..
IDA total,IDA,People using at least basic drinking water services (% of population),SH.H2O.BASW.ZS,61.7389621418267,65.1595516903948,67.7267182291155
IDA total,IDA,People using safely managed drinking water services (% of population),SH.H2O.SMDW.ZS,..,..,..
India,IND,People using at least basic drinking water services (% of population),SH.H2O.BASW.ZS,82.87767451937,85.2629116139574,87.5591401561859
India,IND,People using safely managed drinking water services (% of population),SH.H2O.SMDW.ZS,..,..,..
Indonesia,IDN,People using at least basic drinking water services (% of population),SH.H2O.BASW.ZS,79.7867460310093,84.7854194506465,89.5240304134351
Indonesia,IDN,People using safely managed drinking water services (% of population),SH.H2O.SMDW.ZS,..,..,..
"Iran, Islamic Rep.",IRN,People using at least basic drinking water services (% of population),SH.H2O.BASW.ZS,95.2249150035314,95.0776828640349,94.8661997321043
"Iran, Islamic Rep.",IRN,People using safely managed drinking water services (% of population),SH.H2O.SMDW.ZS,91.4940904234512,91.4748615018852,91.3801432310782
Iraq,IRQ,People using at least basic drinking water services (% of population),SH.H2O.BASW.ZS,78.8863802967988,82.5026938369793,86.0983305505267
Iraq,IRQ,People using safely managed drinking water services (% of population),SH.H2O.SMDW.ZS,..,..,..
Ireland,IRL,People using at least basic drinking water services (% of population),SH.H2O.BASW.ZS,97.0901621427541,98.1053756784395,98.9216390946667
Ireland,IRL,People using safely managed drinking water services (% of population),SH.H2O.SMDW.ZS,94.2570158978132,96.8083672577987,98.8752877857429
Isle of Man,IMN,People using at least basic drinking water services (% of population),SH.H2O.BASW.ZS,..,..,96.2599681020734
Isle of Man,IMN,People using safely managed drinking water services (% of population),SH.H2O.SMDW.ZS,..,..,96.2599681020734
Israel,ISR,People using at least basic drinking water services (% of population),SH.H2O.BASW.ZS,100,100,100
Israel,ISR,People using safely managed drinking water services (% of population),SH.H2O.SMDW.ZS,99.39,99.39,99.39
Italy,ITA,People using at least basic drinking water services (% of population),SH.H2O.BASW.ZS,100,100,100
Italy,ITA,People using safely managed drinking water services (% of population),SH.H2O.SMDW.ZS,89.3110700132102,92.157040951123,93.678679245283
Jamaica,JAM,People using at least basic drinking water services (% of population),SH.H2O.BASW.ZS,91.5515587266281,92.3041153852628,92.9185463575638
Jamaica,JAM,People using safely managed drinking water services (% of population),SH.H2O.SMDW.ZS,..,..,..
Japan,JPN,People using at least basic drinking water services (% of population),SH.H2O.BASW.ZS,98.5187898089172,98.7321656050956,98.9455414012739
Japan,JPN,People using safely managed drinking water services (% of population),SH.H2O.SMDW.ZS,96.7750072292994,96.9846062738854,97.1942053184713
Jordan,JOR,People using at least basic drinking water services (% of population),SH.H2O.BASW.ZS,99.2402621858381,98.9000179809222,98.5666801817343
Jordan,JOR,People using safely managed drinking water services (% of population),SH.H2O.SMDW.ZS,93.87519980643,93.5856903005566,93.2933627920115
Kazakhstan,KAZ,People using at least basic drinking water services (% of population),SH.H2O.BASW.ZS,87.8844901172184,89.6227637392442,91.1455900251713
Kazakhstan,KAZ,People using safely managed drinking water services (% of population),SH.H2O.SMDW.ZS,..,..,..
Kenya,KEN,People using at least basic drinking water services (% of population),SH.H2O.BASW.ZS,50.5931701856799,54.6184710902811,58.456776723262
Kenya,KEN,People using safely managed drinking water services (% of population),SH.H2O.SMDW.ZS,..,..,..
Kiribati,KIR,People using at least basic drinking water services (% of population),SH.H2O.BASW.ZS,62.2489164270236,63.6298581215144,64.3923285563949
Kiribati,KIR,People using safely managed drinking water services (% of population),SH.H2O.SMDW.ZS,..,..,..
"Korea, Dem. People’s Rep.",PRK,People using at least basic drinking water services (% of population),SH.H2O.BASW.ZS,99.8110129249371,99.6532429984149,99.6245586042755
"Korea, Dem. People’s Rep.",PRK,People using safely managed drinking water services (% of population),SH.H2O.SMDW.ZS,..,..,..
"Korea, Rep.",KOR,People using at least basic drinking water services (% of population),SH.H2O.BASW.ZS,98.5274538787452,99.0018852328866,99.5949244255632
"Korea, Rep.",KOR,People using safely managed drinking water services (% of population),SH.H2O.SMDW.ZS,96.7643690862892,97.7167556159443,98.0241701889086
Kosovo,XKX,People using at least basic drinking water services (% of population),SH.H2O.BASW.ZS,..,..,..
Kosovo,XKX,People using safely managed drinking water services (% of population),SH.H2O.SMDW.ZS,..,..,..
Kuwait,KWT,People using at least basic drinking water services (% of population),SH.H2O.BASW.ZS,100,100,100
Kuwait,KWT,People using safely managed drinking water services (% of population),SH.H2O.SMDW.ZS,100,100,100
Kyrgyz Republic,KGZ,People using at least basic drinking water services (% of population),SH.H2O.BASW.ZS,82.327151691317,84.8351783566556,87.2686387002841
Kyrgyz Republic,KGZ,People using safely managed drinking water services (% of population),SH.H2O.SMDW.ZS,48.6789972299607,57.2219166264789,66.3104188677391
Lao PDR,LAO,People using at least basic drinking water services (% of population),SH.H2O.BASW.ZS,58.0712681288044,69.5951781305581,80.4473555098206
Lao PDR,LAO,People using safely managed drinking water services (% of population),SH.H2O.SMDW.ZS,..,..,..
Late-demographic dividend,LTE,People using at least basic drinking water services (% of population),SH.H2O.BASW.ZS,87.4176832835372,92.0662599711493,95.7068271914778
Late-demographic dividend,LTE,People using safely managed drinking water services (% of population),SH.H2O.SMDW.ZS,..,..,..
Latin America & Caribbean,LCN,People using at least basic drinking water services (% of population),SH.H2O.BASW.ZS,92.4993071348478,94.3923052495934,96.1711548751317
Latin America & Caribbean,LCN,People using safely managed drinking water services (% of population),SH.H2O.SMDW.ZS,62.23,63.56,65.39
Latin America & Caribbean (excluding high income),LAC,People using at least basic drinking water services (% of population),SH.H2O.BASW.ZS,92.2868341480754,94.2063569294714,96.0336495003903
Latin America & Caribbean (excluding high income),LAC,People using safely managed drinking water services (% of population),SH.H2O.SMDW.ZS,..,..,..
Latin America & the Caribbean (IDA & IBRD countries),TLA,People using at least basic drinking water services (% of population),SH.H2O.BASW.ZS,92.4306438620697,94.365240632217,96.1805748890935
Latin America & the Caribbean (IDA & IBRD countries),TLA,People using safely managed drinking water services (% of population),SH.H2O.SMDW.ZS,..,..,..
Latvia,LVA,People using at least basic drinking water services (% of population),SH.H2O.BASW.ZS,97.9215298571428,98.2556103576703,98.5955608150605
Latvia,LVA,People using safely managed drinking water services (% of population),SH.H2O.SMDW.ZS,81.443305,81.716906644,81.9360712766857
Least developed countries: UN classification,LDC,People using at least basic drinking water services (% of population),SH.H2O.BASW.ZS,54.3797258121258,58.0956443369186,61.693668603805
Least developed countries: UN classification,LDC,People using safely managed drinking water services (% of population),SH.H2O.SMDW.ZS,..,..,..
Lebanon,LBN,People using at least basic drinking water services (% of population),SH.H2O.BASW.ZS,87.6823309669468,89.9702616784313,92.2581923899159
Lebanon,LBN,People using safely managed drinking water services (% of population),SH.H2O.SMDW.ZS,45.1668162756302,46.3453723764706,47.5239284773109
Lesotho,LSO,People using at least basic drinking water services (% of population),SH.H2O.BASW.ZS,68.1426359654753,69.8651558212517,71.5928717462891
Lesotho,LSO,People using safely managed drinking water services (% of population),SH.H2O.SMDW.ZS,..,..,..
Liberia,LBR,People using at least basic drinking water services (% of population),SH.H2O.BASW.ZS,64.5169832924221,67.2395327933893,69.9004765811606
Liberia,LBR,People using safely managed drinking water services (% of population),SH.H2O.SMDW.ZS,..,..,..
Libya,LBY,People using at least basic drinking water services (% of population),SH.H2O.BASW.ZS,..,96.75,96.75
Libya,LBY,People using safely managed drinking water services (% of population),SH.H2O.SMDW.ZS,..,..,..
Liechtenstein,LIE,People using at least basic drinking water services (% of population),SH.H2O.BASW.ZS,100,100,100
Liechtenstein,LIE,People using safely managed drinking water services (% of population),SH.H2O.SMDW.ZS,100,100,100
Lithuania,LTU,People using at least basic drinking water services (% of population),SH.H2O.BASW.ZS,92.625144651278,95.285240257557,97.3808700401044
Lithuania,LTU,People using safely managed drinking water services (% of population),SH.H2O.SMDW.ZS,75.2023549423727,83.5416146465196,91.6944000584097
Low & middle income,LMY,People using at least basic drinking water services (% of population),SH.H2O.BASW.ZS,80.6413504198696,83.8181397124657,86.4056310139123
Low & middle income,LMY,People using safely managed drinking water services (% of population),SH.H2O.SMDW.ZS,..,..,..
Low income,LIC,People using at least basic drinking water services (% of population),SH.H2O.BASW.ZS,46.7381242467018,51.3115434737621,55.3343398381677
Low income,LIC,People using safely managed drinking water services (% of population),SH.H2O.SMDW.ZS,..,..,..
Lower middle income,LMC,People using at least basic drinking water services (% of population),SH.H2O.BASW.ZS,80.0585899953687,82.6663159734003,85.0705142146132
Lower middle income,LMC,People using safely managed drinking water services (% of population),SH.H2O.SMDW.ZS,..,..,..
Luxembourg,LUX,People using at least basic drinking water services (% of population),SH.H2O.BASW.ZS,99.93299,99.942735,99.9508
Luxembourg,LUX,People using safely managed drinking water services (% of population),SH.H2O.SMDW.ZS,98.13576376,98.16328364,98.1860592
"Macao SAR, China",MAC,People using at least basic drinking water services (% of population),SH.H2O.BASW.ZS,100,100,100
"Macao SAR, China",MAC,People using safely managed drinking water services (% of population),SH.H2O.SMDW.ZS,99.9742424242424,99.9848484848485,99.9954545454546
Madagascar,MDG,People using at least basic drinking water services (% of population),SH.H2O.BASW.ZS,40.8198507501291,45.6658622962621,50.6213902002365
Madagascar,MDG,People using safely managed drinking water services (% of population),SH.H2O.SMDW.ZS,..,..,..
Malawi,MWI,People using at least basic drinking water services (% of population),SH.H2O.BASW.ZS,56.8212646040218,62.004337320572,67.195084684659
Malawi,MWI,People using safely managed drinking water services (% of population),SH.H2O.SMDW.ZS,..,..,..
Malaysia,MYS,People using at least basic drinking water services (% of population),SH.H2O.BASW.ZS,97.547185999166,96.9162150141119,96.4338056453389
Malaysia,MYS,People using safely managed drinking water services (% of population),SH.H2O.SMDW.ZS,93.2347057341505,92.6184127778381,92.1459495063088
Maldives,MDV,People using at least basic drinking water services (% of population),SH.H2O.BASW.ZS,94.3204431050542,98.1916411197459,97.8819798492644
Maldives,MDV,People using safely managed drinking water services (% of population),SH.H2O.SMDW.ZS,..,..,..
Mali,MLI,People using at least basic drinking water services (% of population),SH.H2O.BASW.ZS,57.6852873736934,66.0617665863507,74.2680495845625
Mali,MLI,People using safely managed drinking water services (% of population),SH.H2O.SMDW.ZS,..,..,..
Malta,MLT,People using at least basic drinking water services (% of population),SH.H2O.BASW.ZS,100,100,100
Malta,MLT,People using safely managed drinking water services (% of population),SH.H2O.SMDW.ZS,99.9714285714286,99.9571428571429,99.9428571428572
Marshall Islands,MHL,People using at least basic drinking water services (% of population),SH.H2O.BASW.ZS,78.959316369,78.545850267,78.161343996
Marshall Islands,MHL,People using safely managed drinking water services (% of population),SH.H2O.SMDW.ZS,..,..,..
Mauritania,MRT,People using at least basic drinking water services (% of population),SH.H2O.BASW.ZS,59.4310948190655,64.7565731043737,69.6076787256982
Mauritania,MRT,People using safely managed drinking water services (% of population),SH.H2O.SMDW.ZS,..,..,..
Mauritius,MUS,People using at least basic drinking water services (% of population),SH.H2O.BASW.ZS,99.5003424114423,99.726808241543,99.8652241482882
Mauritius,MUS,People using safely managed drinking water services (% of population),SH.H2O.SMDW.ZS,..,..,..
Mexico,MEX,People using at least basic drinking water services (% of population),SH.H2O.BASW.ZS,92.4670114188647,95.4643209096724,98.3104711547879
Mexico,MEX,People using safely managed drinking water services (% of population),SH.H2O.SMDW.ZS,40.0856066691354,41.3822198465625,42.6127841443715
"Micronesia, Fed. Sts.",FSM,People using at least basic drinking water services (% of population),SH.H2O.BASW.ZS,90.833975,89.051416,88.3524592
"Micronesia, Fed. Sts.",FSM,People using safely managed drinking water services (% of population),SH.H2O.SMDW.ZS,..,..,..
Middle East & North Africa,MEA,People using at least basic drinking water services (% of population),SH.H2O.BASW.ZS,89.3263408851865,91.3784597455559,92.9346651852141
Middle East & North Africa,MEA,People using safely managed drinking water services (% of population),SH.H2O.SMDW.ZS,67.79,73.44,76.55
Middle East & North Africa (excluding high income),MNA,People using at least basic drinking water services (% of population),SH.H2O.BASW.ZS,88.1975023525708,90.2085959187637,91.8503280741258
Middle East & North Africa (excluding high income),MNA,People using safely managed drinking water services (% of population),SH.H2O.SMDW.ZS,..,..,..
Middle East & North Africa (IDA & IBRD countries),TMN,People using at least basic drinking water services (% of population),SH.H2O.BASW.ZS,88.198319041592,90.2347472437168,91.9002396357735
Middle East & North Africa (IDA & IBRD countries),TMN,People using safely managed drinking water services (% of population),SH.H2O.SMDW.ZS,..,..,..
Middle income,MIC,People using at least basic drinking water services (% of population),SH.H2O.BASW.ZS,84.0857140245945,87.3769277332692,90.1221239747116
Middle income,MIC,People using safely managed drinking water services (% of population),SH.H2O.SMDW.ZS,..,..,..
Moldova,MDA,People using at least basic drinking water services (% of population),SH.H2O.BASW.ZS,84.9517483079968,85.8734367734457,86.6933449669733
Moldova,MDA,People using safely managed drinking water services (% of population),SH.H2O.SMDW.ZS,48.1054768685033,60.1100858168117,69.9569721477719
Monaco,MCO,People using at least basic drinking water services (% of population),SH.H2O.BASW.ZS,100,100,100
Monaco,MCO,People using safely managed drinking water services (% of population),SH.H2O.SMDW.ZS,100,100,100
Mongolia,MNG,People using at least basic drinking water services (% of population),SH.H2O.BASW.ZS,71.9458024185513,78.0364673361468,83.2198931428692
Mongolia,MNG,People using safely managed drinking water services (% of population),SH.H2O.SMDW.ZS,..,..,..
Montenegro,MNE,People using at least basic drinking water services (% of population),SH.H2O.BASW.ZS,..,96.015816692862,97.6275667981115
Montenegro,MNE,People using safely managed drinking water services (% of population),SH.H2O.SMDW.ZS,..,89.2249508837623,89.7082004038348
Morocco,MAR,People using at least basic drinking water services (% of population),SH.H2O.BASW.ZS,70.6008648182616,77.0449763571439,82.9699953172099
Morocco,MAR,People using safely managed drinking water services (% of population),SH.H2O.SMDW.ZS,59.4044809092553,64.2587706952938,68.7992797953121
Mozambique,MOZ,People using at least basic drinking water services (% of population),SH.H2O.BASW.ZS,30.2492325679402,38.6959132863291,47.2587451084818
Mozambique,MOZ,People using safely managed drinking water services (% of population),SH.H2O.SMDW.ZS,..,..,..
Myanmar,MMR,People using at least basic drinking water services (% of population),SH.H2O.BASW.ZS,59.0454445259594,63.3106655012845,67.5366413357481
Myanmar,MMR,People using safely managed drinking water services (% of population),SH.H2O.SMDW.ZS,..,..,..
Namibia,NAM,People using at least basic drinking water services (% of population),SH.H2O.BASW.ZS,77.5947921109446,78.1194434133679,78.7872085987443
Namibia,NAM,People using safely managed drinking water services (% of population),SH.H2O.SMDW.ZS,..,..,..
Nauru,NRU,People using at least basic drinking water services (% of population),SH.H2O.BASW.ZS,97.077372682888,99.0474338109791,100
Nauru,NRU,People using safely managed drinking water services (% of population),SH.H2O.SMDW.ZS,..,..,..
Nepal,NPL,People using at least basic drinking water services (% of population),SH.H2O.BASW.ZS,82.4088952925728,85.1499494842423,87.7466680925844
Nepal,NPL,People using safely managed drinking water services (% of population),SH.H2O.SMDW.ZS,24.9674721552719,25.8757442210995,26.7517122185803
Netherlands,NLD,People using at least basic drinking water services (% of population),SH.H2O.BASW.ZS,100,100,100
Netherlands,NLD,People using safely managed drinking water services (% of population),SH.H2O.SMDW.ZS,99.9849449339207,99.9700220264317,99.9550991189427
New Caledonia,NCL,People using at least basic drinking water services (% of population),SH.H2O.BASW.ZS,95.5474648412413,97.2661615447213,98.9848582482012
New Caledonia,NCL,People using safely managed drinking water services (% of population),SH.H2O.SMDW.ZS,88.6755254749166,92.825177172297,97.0651074454025
New Zealand,NZL,People using at least basic drinking water services (% of population),SH.H2O.BASW.ZS,100,100,100
New Zealand,NZL,People using safely managed drinking water services (% of population),SH.H2O.SMDW.ZS,76.6688888888884,88.7688888888888,100
Nicaragua,NIC,People using at least basic drinking water services (% of population),SH.H2O.BASW.ZS,81.0934953553684,81.6232050616827,82.2561704559774
Nicaragua,NIC,People using safely managed drinking water services (% of population),SH.H2O.SMDW.ZS,57.0431974656511,57.8176910503218,58.711273066356
Niger,NER,People using at least basic drinking water services (% of population),SH.H2O.BASW.ZS,40.4710309480538,43.0857699740908,45.8353779797068
Niger,NER,People using safely managed drinking water services (% of population),SH.H2O.SMDW.ZS,..,..,..
Nigeria,NGA,People using at least basic drinking water services (% of population),SH.H2O.BASW.ZS,53.5676785462682,60.6916800321422,67.3449676717969
Nigeria,NGA,People using safely managed drinking water services (% of population),SH.H2O.SMDW.ZS,18.4579682552588,19.3054762354903,19.4022070110531
North America,NAC,People using at least basic drinking water services (% of population),SH.H2O.BASW.ZS,99.2222857206924,99.1967842556847,99.170476066059
North America,NAC,People using safely managed drinking water services (% of population),SH.H2O.SMDW.ZS,99.03,99.01,98.99
North Macedonia,MKD,People using at least basic drinking water services (% of population),SH.H2O.BASW.ZS,97.3881988440083,96.6590384555543,96.774045924671
North Macedonia,MKD,People using safely managed drinking water services (% of population),SH.H2O.SMDW.ZS,91.1075396014691,91.2214970948933,83.4898081092532
Northern Mariana Islands,MNP,People using at least basic drinking water services (% of population),SH.H2O.BASW.ZS,98.9852180360062,99.1781443887316,99.2553149298218
Northern Mariana Islands,MNP,People using safely managed drinking water services (% of population),SH.H2O.SMDW.ZS,81.5638196616688,82.2988097110649,82.3854261124621
Norway,NOR,People using at least basic drinking water services (% of population),SH.H2O.BASW.ZS,100,100,100
Norway,NOR,People using safely managed drinking water services (% of population),SH.H2O.SMDW.ZS,95.041335,95.027633,95.0159795
Not classified,INX,People using at least basic drinking water services (% of population),SH.H2O.BASW.ZS,..,..,..
Not classified,INX,People using safely managed drinking water services (% of population),SH.H2O.SMDW.ZS,..,..,..
OECD members,OED,People using at least basic drinking water services (% of population),SH.H2O.BASW.ZS,98.5491284800933,98.951238413851,99.3306198872295
OECD members,OED,People using safely managed drinking water services (% of population),SH.H2O.SMDW.ZS,90.7131530199238,91.1532906014183,91.3811239381209
Oman,OMN,People using at least basic drinking water services (% of population),SH.H2O.BASW.ZS,76.5789959042418,84.19131393458,90.943688
Oman,OMN,People using safely managed drinking water services (% of population),SH.H2O.SMDW.ZS,74.6902866264351,82.0543886621786,88.5
Other small states,OSS,People using at least basic drinking water services (% of population),SH.H2O.BASW.ZS,79.7645275835681,82.7992369933271,84.3941631265736
Other small states,OSS,People using safely managed drinking water services (% of population),SH.H2O.SMDW.ZS,..,..,..
Pacific island small states,PSS,People using at least basic drinking water services (% of population),SH.H2O.BASW.ZS,87.8281048426321,86.1564103245207,84.2534116207633
Pacific island small states,PSS,People using safely managed drinking water services (% of population),SH.H2O.SMDW.ZS,..,..,..
Pakistan,PAK,People using at least basic drinking water services (% of population),SH.H2O.BASW.ZS,88.8783985495496,88.7559582000453,88.5455563204491
Pakistan,PAK,People using safely managed drinking water services (% of population),SH.H2O.SMDW.ZS,37.9698383609898,36.8505179769679,35.6379572049868
Palau,PLW,People using at least basic drinking water services (% of population),SH.H2O.BASW.ZS,95.0683214684789,97.6646813948181,99.5751440170674
Palau,PLW,People using safely managed drinking water services (% of population),SH.H2O.SMDW.ZS,..,..,..
Panama,PAN,People using at least basic drinking water services (% of population),SH.H2O.BASW.ZS,90.5482637077845,92.8135685341513,95.0002247256715
Panama,PAN,People using safely managed drinking water services (% of population),SH.H2O.SMDW.ZS,..,..,..
Papua New Guinea,PNG,People using at least basic drinking water services (% of population),SH.H2O.BASW.ZS,36.6532128342277,36.6039890537131,36.5963320211886
Papua New Guinea,PNG,People using safely managed drinking water services (% of population),SH.H2O.SMDW.ZS,..,..,..
Paraguay,PRY,People using at least basic drinking water services (% of population),SH.H2O.BASW.ZS,83.537261866272,91.3666267793172,98.8853415706399
Paraguay,PRY,People using safely managed drinking water services (% of population),SH.H2O.SMDW.ZS,..,..,..
Peru,PER,People using at least basic drinking water services (% of population),SH.H2O.BASW.ZS,83.9130989661797,87.0266391396084,89.8676383513503
Peru,PER,People using safely managed drinking water services (% of population),SH.H2O.SMDW.ZS,46.8235665791592,48.5506537603496,50.1557336454723
Philippines,PHL,People using at least basic drinking water services (% of population),SH.H2O.BASW.ZS,87.5313267255206,88.9869506940776,90.5029776028096
Philippines,PHL,People using safely managed drinking water services (% of population),SH.H2O.SMDW.ZS,..,..,..
Poland,POL,People using at least basic drinking water services (% of population),SH.H2O.BASW.ZS,97.920094,97.900774,97.8885955
Poland,POL,People using safely managed drinking water services (% of population),SH.H2O.SMDW.ZS,93.9126880177936,93.8941586939501,93.8824786023132
Portugal,PRT,People using at least basic drinking water services (% of population),SH.H2O.BASW.ZS,99.0574000507987,99.5788949972923,99.9045696803978
Portugal,PRT,People using safely managed drinking water services (% of population),SH.H2O.SMDW.ZS,94.153396142142,94.7991080374222,95.1091503357387
Post-demographic dividend,PST,People using at least basic drinking water services (% of population),SH.H2O.BASW.ZS,99.1841727215019,99.2970268392598,99.4011804793644
Post-demographic dividend,PST,People using safely managed drinking water services (% of population),SH.H2O.SMDW.ZS,95.0032504500356,96.3263795602293,97.0832120910478
Pre-demographic dividend,PRE,People using at least basic drinking water services (% of population),SH.H2O.BASW.ZS,48.588447945039,53.5553977555547,58.3744325377532
Pre-demographic dividend,PRE,People using safely managed drinking water services (% of population),SH.H2O.SMDW.ZS,..,..,..
Puerto Rico,PRI,People using at least basic drinking water services (% of population),SH.H2O.BASW.ZS,97.0791587549451,97.0981720496312,97.1171853443172
Puerto Rico,PRI,People using safely managed drinking water services (% of population),SH.H2O.SMDW.ZS,..,..,..
Qatar,QAT,People using at least basic drinking water services (% of population),SH.H2O.BASW.ZS,100,100,100
Qatar,QAT,People using safely managed drinking water services (% of population),SH.H2O.SMDW.ZS,..,..,..
Romania,ROU,People using at least basic drinking water services (% of population),SH.H2O.BASW.ZS,100,100,100
Romania,ROU,People using safely managed drinking water services (% of population),SH.H2O.SMDW.ZS,95.9934782608696,92.5716093576984,87.7790992658906
Russian Federation,RUS,People using at least basic drinking water services (% of population),SH.H2O.BASW.ZS,95.6210512657929,95.9977722457457,96.3750570074426
Russian Federation,RUS,People using safely managed drinking water services (% of population),SH.H2O.SMDW.ZS,74.9569687675474,75.2226000743522,75.510096552752
Rwanda,RWA,People using at least basic drinking water services (% of population),SH.H2O.BASW.ZS,50.2204645629789,53.4755519860447,56.710107974238
Rwanda,RWA,People using safely managed drinking water services (% of population),SH.H2O.SMDW.ZS,..,..,..
Samoa,WSM,People using at least basic drinking water services (% of population),SH.H2O.BASW.ZS,93.3272695256285,94.6933370793435,95.5143362180647
Samoa,WSM,People using safely managed drinking water services (% of population),SH.H2O.SMDW.ZS,..,..,..
San Marino,SMR,People using at least basic drinking water services (% of population),SH.H2O.BASW.ZS,100,100,100
San Marino,SMR,People using safely managed drinking water services (% of population),SH.H2O.SMDW.ZS,100,100,100
Sao Tome and Principe,STP,People using at least basic drinking water services (% of population),SH.H2O.BASW.ZS,71.3446427562632,75.5960964485039,79.6970585379048
Sao Tome and Principe,STP,People using safely managed drinking water services (% of population),SH.H2O.SMDW.ZS,..,..,..
Saudi Arabia,SAU,People using at least basic drinking water services (% of population),SH.H2O.BASW.ZS,97.7639017451992,99.3560380901787,99.9928926281705
Saudi Arabia,SAU,People using safely managed drinking water services (% of population),SH.H2O.SMDW.ZS,..,..,..
Senegal,SEN,People using at least basic drinking water services (% of population),SH.H2O.BASW.ZS,66.1594384749601,70.7009591417224,75.1886316603243
Senegal,SEN,People using safely managed drinking water services (% of population),SH.H2O.SMDW.ZS,..,..,..
Serbia,SRB,People using at least basic drinking water services (% of population),SH.H2O.BASW.ZS,91.2982911109537,90.0648874070552,91.1824531642154
Serbia,SRB,People using safely managed drinking water services (% of population),SH.H2O.SMDW.ZS,77.8345662853094,83.0780558558777,88.143787246968
Seychelles,SYC,People using at least basic drinking water services (% of population),SH.H2O.BASW.ZS,94.4603176231582,95.6560322571016,96.2508914977986
Seychelles,SYC,People using safely managed drinking water services (% of population),SH.H2O.SMDW.ZS,..,..,..
Sierra Leone,SLE,People using at least basic drinking water services (% of population),SH.H2O.BASW.ZS,44.5328092839354,51.3459561854631,58.0913967160309
Sierra Leone,SLE,People using safely managed drinking water services (% of population),SH.H2O.SMDW.ZS,..,..,..
Singapore,SGP,People using at least basic drinking water services (% of population),SH.H2O.BASW.ZS,100,100,100
Singapore,SGP,People using safely managed drinking water services (% of population),SH.H2O.SMDW.ZS,100,100,100
Sint Maarten (Dutch part),SXM,People using at least basic drinking water services (% of population),SH.H2O.BASW.ZS,..,95.5,95.5
Sint Maarten (Dutch part),SXM,People using safely managed drinking water services (% of population),SH.H2O.SMDW.ZS,..,..,..
Slovak Republic,SVK,People using at least basic drinking water services (% of population),SH.H2O.BASW.ZS,97.966823,97.948385,97.925558
Slovak Republic,SVK,People using safely managed drinking water services (% of population),SH.H2O.SMDW.ZS,93.444571,93.429645,93.411166
Slovenia,SVN,People using at least basic drinking water services (% of population),SH.H2O.BASW.ZS,99.5828637305472,99.549567611127,99.5232803382862
Slovenia,SVN,People using safely managed drinking water services (% of population),SH.H2O.SMDW.ZS,82.2886397293425,90.3910073909035,98.0289234265063
Small states,SST,People using at least basic drinking water services (% of population),SH.H2O.BASW.ZS,83.1428780710365,85.2531121550955,86.3660172789511
Small states,SST,People using safely managed drinking water services (% of population),SH.H2O.SMDW.ZS,..,..,..
Solomon Islands,SLB,People using at least basic drinking water services (% of population),SH.H2O.BASW.ZS,78.8395780116501,71.2055047534599,64.0340593805722
Solomon Islands,SLB,People using safely managed drinking water services (% of population),SH.H2O.SMDW.ZS,..,..,..
Somalia,SOM,People using at least basic drinking water services (% of population),SH.H2O.BASW.ZS,26.9221331145911,33.3579439525495,40.0024332234829
Somalia,SOM,People using safely managed drinking water services (% of population),SH.H2O.SMDW.ZS,..,..,..
South Africa,ZAF,People using at least basic drinking water services (% of population),SH.H2O.BASW.ZS,79.7427354090174,82.3319088381657,84.6972654716157
South Africa,ZAF,People using safely managed drinking water services (% of population),SH.H2O.SMDW.ZS,..,..,..
South Asia,SAS,People using at least basic drinking water services (% of population),SH.H2O.BASW.ZS,83.8961777286472,86.0606688787472,88.1272637783343
South Asia,SAS,People using safely managed drinking water services (% of population),SH.H2O.SMDW.ZS,..,..,..
South Asia (IDA & IBRD),TSA,People using at least basic drinking water services (% of population),SH.H2O.BASW.ZS,83.8961777286472,86.0606688787472,88.1272637783343
South Asia (IDA & IBRD),TSA,People using safely managed drinking water services (% of population),SH.H2O.SMDW.ZS,..,..,..
South Sudan,SSD,People using at least basic drinking water services (% of population),SH.H2O.BASW.ZS,..,..,50.4112110926359
South Sudan,SSD,People using safely managed drinking water services (% of population),SH.H2O.SMDW.ZS,..,..,..
Spain,ESP,People using at least basic drinking water services (% of population),SH.H2O.BASW.ZS,100,100,99.9434104888889
Spain,ESP,People using safely managed drinking water services (% of population),SH.H2O.SMDW.ZS,98.45,98.45,98.1776322862262
Sri Lanka,LKA,People using at least basic drinking water services (% of population),SH.H2O.BASW.ZS,82.408151097159,87.3541460262809,92.311864289308
Sri Lanka,LKA,People using safely managed drinking water services (% of population),SH.H2O.SMDW.ZS,..,..,..
St. Kitts and Nevis,KNA,People using at least basic drinking water services (% of population),SH.H2O.BASW.ZS,98.6323979591837,98.9676020408163,..
St. Kitts and Nevis,KNA,People using safely managed drinking water services (% of population),SH.H2O.SMDW.ZS,..,..,..
St. Lucia,LCA,People using at least basic drinking water services (% of population),SH.H2O.BASW.ZS,90.7786171507388,94.9584915919831,98.162453672
St. Lucia,LCA,People using safely managed drinking water services (% of population),SH.H2O.SMDW.ZS,..,..,..
St. Martin (French part),MAF,People using at least basic drinking water services (% of population),SH.H2O.BASW.ZS,..,..,..
St. Martin (French part),MAF,People using safely managed drinking water services (% of population),SH.H2O.SMDW.ZS,..,..,..
St. Vincent and the Grenadines,VCT,People using at least basic drinking water services (% of population),SH.H2O.BASW.ZS,93.8637547114175,94.5756798163022,95.1452199002099
St. Vincent and the Grenadines,VCT,People using safely managed drinking water services (% of population),SH.H2O.SMDW.ZS,..,..,..
Sub-Saharan Africa,SSF,People using at least basic drinking water services (% of population),SH.H2O.BASW.ZS,48.7011829304648,53.2394226626555,57.6246612480132
Sub-Saharan Africa,SSF,People using safely managed drinking water services (% of population),SH.H2O.SMDW.ZS,19.88,21.98,24.16
Sub-Saharan Africa (excluding high income),SSA,People using at least basic drinking water services (% of population),SH.H2O.BASW.ZS,48.6961363702983,53.2349921069859,57.6210360214985
Sub-Saharan Africa (excluding high income),SSA,People using safely managed drinking water services (% of population),SH.H2O.SMDW.ZS,..,..,..
Sub-Saharan Africa (IDA & IBRD countries),TSS,People using at least basic drinking water services (% of population),SH.H2O.BASW.ZS,48.7011829304648,53.2394226626554,57.6246612480132
Sub-Saharan Africa (IDA & IBRD countries),TSS,People using safely managed drinking water services (% of population),SH.H2O.SMDW.ZS,..,..,..
Sudan,SDN,People using at least basic drinking water services (% of population),SH.H2O.BASW.ZS,44.8789712848559,51.8671394198842,58.9314485730064
Sudan,SDN,People using safely managed drinking water services (% of population),SH.H2O.SMDW.ZS,..,..,..
Suriname,SUR,People using at least basic drinking water services (% of population),SH.H2O.BASW.ZS,91.335696627124,93.7289366203944,94.680941810104
Suriname,SUR,People using safely managed drinking water services (% of population),SH.H2O.SMDW.ZS,..,..,..
Sweden,SWE,People using at least basic drinking water services (% of population),SH.H2O.BASW.ZS,100,100,100
Sweden,SWE,People using safely managed drinking water services (% of population),SH.H2O.SMDW.ZS,97.95,97.95,97.95
Switzerland,CHE,People using at least basic drinking water services (% of population),SH.H2O.BASW.ZS,100,100,100
Switzerland,CHE,People using safely managed drinking water services (% of population),SH.H2O.SMDW.ZS,93.3027027027027,94.4986486486487,95.4554054054054
Syrian Arab Republic,SYR,People using at least basic drinking water services (% of population),SH.H2O.BASW.ZS,95.6799425236458,96.4161133370833,96.7448503943333
Syrian Arab Republic,SYR,People using safely managed drinking water services (% of population),SH.H2O.SMDW.ZS,..,..,..
Tajikistan,TJK,People using at least basic drinking water services (% of population),SH.H2O.BASW.ZS,63.1935356489551,69.2531395373192,74.1397295638205
Tajikistan,TJK,People using safely managed drinking water services (% of population),SH.H2O.SMDW.ZS,40.8814319094582,44.5194391709758,47.4035467451486
Tanzania,TZA,People using at least basic drinking water services (% of population),SH.H2O.BASW.ZS,37.6349135537733,43.905749112822,50.1452800137052
Tanzania,TZA,People using safely managed drinking water services (% of population),SH.H2O.SMDW.ZS,..,..,..
Thailand,THA,People using at least basic drinking water services (% of population),SH.H2O.BASW.ZS,95.777862561695,97.1149653892725,98.2311448341909
Thailand,THA,People using safely managed drinking water services (% of population),SH.H2O.SMDW.ZS,..,..,..
Timor-Leste,TLS,People using at least basic drinking water services (% of population),SH.H2O.BASW.ZS,56.0601613847052,63.106391353313,70.2233000717669
Timor-Leste,TLS,People using safely managed drinking water services (% of population),SH.H2O.SMDW.ZS,..,..,..
Togo,TGO,People using at least basic drinking water services (% of population),SH.H2O.BASW.ZS,51.2118336267388,57.0211187902167,62.8176377683527
Togo,TGO,People using safely managed drinking water services (% of population),SH.H2O.SMDW.ZS,..,..,..
Tonga,TON,People using at least basic drinking water services (% of population),SH.H2O.BASW.ZS,98.6316042200246,99.3384603181893,99.9058805065507
Tonga,TON,People using safely managed drinking water services (% of population),SH.H2O.SMDW.ZS,..,..,..
Trinidad and Tobago,TTO,People using at least basic drinking water services (% of population),SH.H2O.BASW.ZS,94.1834721117569,96.4810445729421,96.9405590651792
Trinidad and Tobago,TTO,People using safely managed drinking water services (% of population),SH.H2O.SMDW.ZS,..,..,..
Tunisia,TUN,People using at least basic drinking water services (% of population),SH.H2O.BASW.ZS,90.135816317858,92.3152531886417,94.2302179632417
Tunisia,TUN,People using safely managed drinking water services (% of population),SH.H2O.SMDW.ZS,62.5075801476643,89.0486125183861,92.7380117036359
Turkey,TUR,People using at least basic drinking water services (% of population),SH.H2O.BASW.ZS,96.6879308372091,97.9134871871766,98.8993534185424
Turkey,TUR,People using safely managed drinking water services (% of population),SH.H2O.SMDW.ZS,..,..,..
Turkmenistan,TKM,People using at least basic drinking water services (% of population),SH.H2O.BASW.ZS,87.6447708043473,91.1601742828918,94.4545773442882
Turkmenistan,TKM,People using safely managed drinking water services (% of population),SH.H2O.SMDW.ZS,73.5604421785694,79.7828120051801,86.1474716235858
Turks and Caicos Islands,TCA,People using at least basic drinking water services (% of population),SH.H2O.BASW.ZS,89.2863636363636,92.0818181818181,94.3181818181818
Turks and Caicos Islands,TCA,People using safely managed drinking water services (% of population),SH.H2O.SMDW.ZS,..,..,..
Tuvalu,TUV,People using at least basic drinking water services (% of population),SH.H2O.BASW.ZS,97.917592,98.658368,99.2577360000001
Tuvalu,TUV,People using safely managed drinking water services (% of population),SH.H2O.SMDW.ZS,..,..,..
Uganda,UGA,People using at least basic drinking water services (% of population),SH.H2O.BASW.ZS,32.8649895849652,35.8962596255483,38.9214658679184
Uganda,UGA,People using safely managed drinking water services (% of population),SH.H2O.SMDW.ZS,4.62829087159118,5.51049575180758,6.43899961400888
Ukraine,UKR,People using at least basic drinking water services (% of population),SH.H2O.BASW.ZS,96.3146758512979,96.94494960804,97.7317795623748
Ukraine,UKR,People using safely managed drinking water services (% of population),SH.H2O.SMDW.ZS,70.4381210595818,84.3465431541529,92.1625806017013
United Arab Emirates,ARE,People using at least basic drinking water services (% of population),SH.H2O.BASW.ZS,99.6445349691231,99.637005140036,99.6307645789521
United Arab Emirates,ARE,People using safely managed drinking water services (% of population),SH.H2O.SMDW.ZS,..,..,..
United Kingdom,GBR,People using at least basic drinking water services (% of population),SH.H2O.BASW.ZS,100,100,100
United Kingdom,GBR,People using safely managed drinking water services (% of population),SH.H2O.SMDW.ZS,95.65,95.65,95.65
United States,USA,People using at least basic drinking water services (% of population),SH.H2O.BASW.ZS,99.1481811287898,99.1742924012184,99.2004346111735
United States,USA,People using safely managed drinking water services (% of population),SH.H2O.SMDW.ZS,98.9541342528534,98.988404929591,99.0227162113958
Upper middle income,UMC,People using at least basic drinking water services (% of population),SH.H2O.BASW.ZS,88.2472704361905,92.4473971096912,95.700705114544
Upper middle income,UMC,People using safely managed drinking water services (% of population),SH.H2O.SMDW.ZS,..,..,..
Uruguay,URY,People using at least basic drinking water services (% of population),SH.H2O.BASW.ZS,97.2800071302104,98.3730121754454,99.2491110120541
Uruguay,URY,People using safely managed drinking water services (% of population),SH.H2O.SMDW.ZS,..,..,..
Uzbekistan,UZB,People using at least basic drinking water services (% of population),SH.H2O.BASW.ZS,89.4005341344197,91.4596577818204,..
Uzbekistan,UZB,People using safely managed drinking water services (% of population),SH.H2O.SMDW.ZS,51.5658844093729,51.1725022995317,..
Vanuatu,VUT,People using at least basic drinking water services (% of population),SH.H2O.BASW.ZS,82.6167399583929,86.6183433949205,90.5042552203868
Vanuatu,VUT,People using safely managed drinking water services (% of population),SH.H2O.SMDW.ZS,..,..,..
"Venezuela, RB",VEN,People using at least basic drinking water services (% of population),SH.H2O.BASW.ZS,96.6200547400813,97.1124750772761,97.4172239371494
"Venezuela, RB",VEN,People using safely managed drinking water services (% of population),SH.H2O.SMDW.ZS,..,..,..
Vietnam,VNM,People using at least basic drinking water services (% of population),SH.H2O.BASW.ZS,82.2251670399766,86.5798493392181,91.1917662383792
Vietnam,VNM,People using safely managed drinking water services (% of population),SH.H2O.SMDW.ZS,..,..,..
Virgin Islands (U.S.),VIR,People using at least basic drinking water services (% of population),SH.H2O.BASW.ZS,99.9985,99.997,99.9964
Virgin Islands (U.S.),VIR,People using safely managed drinking water services (% of population),SH.H2O.SMDW.ZS,..,..,..
West Bank and Gaza,PSE,People using at least basic drinking water services (% of population),SH.H2O.BASW.ZS,88.124787207112,87.9362234850548,87.6458610176815
West Bank and Gaza,PSE,People using safely managed drinking water services (% of population),SH.H2O.SMDW.ZS,..,..,..
World,WLD,People using at least basic drinking water services (% of population),SH.H2O.BASW.ZS,83.7650573190798,86.3729440825633,88.495848157543
World,WLD,People using safely managed drinking water services (% of population),SH.H2O.SMDW.ZS,66.09,70.82,71.16
"Yemen, Rep.",YEM,People using at least basic drinking water services (% of population),SH.H2O.BASW.ZS,49.8135161345667,60.3711949433825,70.3588632343168
"Yemen, Rep.",YEM,People using safely managed drinking water services (% of population),SH.H2O.SMDW.ZS,..,..,..
Zambia,ZMB,People using at least basic drinking water services (% of population),SH.H2O.BASW.ZS,52.8512991400623,57.1071934388879,61.2253075915602
Zambia,ZMB,People using safely managed drinking water services (% of population),SH.H2O.SMDW.ZS,..,..,..
Zimbabwe,ZWE,People using at least basic drinking water services (% of population),SH.H2O.BASW.ZS,69.5841766807387,68.0672762989468,66.5631013091956
Zimbabwe,ZWE,People using safely managed drinking water services (% of population),SH.H2O.SMDW.ZS,..,..,..
,,,,,,
,,,,,,
,,,,,,
Data from database: World Development Indicators,,,,,,
Last Updated: 07/10/2019,,,,,,
